film,year,img
The Avengers,2012,https://m.media-amazon.com/images/M/MV5BNDYxNjQyMjAtNTdiOS00NGYwLWFmNTAtNThmYjU5ZGI2YTI1XkEyXkFqcGdeQXVyMTMxODk2OTU@._V1_SX300.jpg
Harry Potter and the Deathly Hallows: Part 2,2011,https://m.media-amazon.com/images/M/MV5BMGVmMWNiMDktYjQ0Mi00MWIxLTk0N2UtN2ZlYTdkN2IzNDNlXkEyXkFqcGdeQXVyODE5NzE3OTE@._V1_SX300.jpg
The Lord of the Rings: The Fellowship of the Ring,2001,https://m.media-amazon.com/images/M/MV5BN2EyZjM3NzUtNWUzMi00MTgxLWI0NTctMzY4M2VlOTdjZWRiXkEyXkFqcGdeQXVyNDUzOTQ5MjY@._V1_SX300.jpg
Interstellar,2014,https://m.media-amazon.com/images/M/MV5BZjdkOTU3MDktN2IxOS00OGEyLWFmMjktY2FiMmZkNWIyODZiXkEyXkFqcGdeQXVyMTMxODk2OTU@._V1_SX300.jpg
The Matrix,1999,https://m.media-amazon.com/images/M/MV5BNzQzOTk3OTAtNDQ0Zi00ZTVkLWI0MTEtMDllZjNkYzNjNTc4L2ltYWdlXkEyXkFqcGdeQXVyNjU0OTQ0OTY@._V1_SX300.jpg
Matilda,1996,https://m.media-amazon.com/images/M/MV5BZGVlYTA5NzQtMjBkNy00MmE1LWI3YzYtMTVkMTNmOGE5YmEwXkEyXkFqcGdeQXVyMTAyOTE2ODg0._V1_SX300.jpg
Star Wars: Episode IV - A New Hope,1977,https://m.media-amazon.com/images/M/MV5BNzVlY2MwMjktM2E4OS00Y2Y3LWE3ZjctYzhkZGM3YzA1ZWM2XkEyXkFqcGdeQXVyNzkwMjQ5NzM@._V1_SX300.jpg
2012,2009,https://m.media-amazon.com/images/M/MV5BMTY0MjEyODQzMF5BMl5BanBnXkFtZTcwMTczMjQ4Mg@@._V1_SX300.jpg
Anaconda,1997,https://m.media-amazon.com/images/M/MV5BZDc4ODcyNWMtMzI2Zi00YzcwLWE4ZTUtYWM3OWI1MTgwYTc1XkEyXkFqcGdeQXVyNzc5MjA3OA@@._V1_SX300.jpg
Jumanji: Welcome to the Jungle,2017,https://m.media-amazon.com/images/M/MV5BODQ0NDhjYWItYTMxZi00NTk2LWIzNDEtOWZiYWYxZjc2MTgxXkEyXkFqcGdeQXVyMTQxNzMzNDI@._V1_SX300.jpg
How to Train Your Dragon: Homecoming,2019,https://m.media-amazon.com/images/M/MV5BMTlkZjM1MDctZTZlOC00NDQwLTg3ZGEtNTJhMWQ2YWIxNGViXkEyXkFqcGdeQXVyMjQ5MjYwNDE@._V1_SX300.jpg
Wonder Woman,2017,https://m.media-amazon.com/images/M/MV5BMTYzODQzYjQtNTczNC00MzZhLTg1ZWYtZDUxYmQ3ZTY4NzA1XkEyXkFqcGdeQXVyODE5NzE3OTE@._V1_SX300.jpg
Dr. Strange,1978,https://m.media-amazon.com/images/M/MV5BMTg1NDkyNjI1Ml5BMl5BanBnXkFtZTcwNTI4NzAzMQ@@._V1_SX300.jpg
Mr. and Mrs. Smith,2007,https://m.media-amazon.com/images/M/MV5BNDVjZjYxMDYtYzQ2Zi00MGRiLWFkYTYtM2Q1NWM2NWI1ODJkXkEyXkFqcGdeQXVyNjU0NTI0Nw@@._V1_SX300.jpg
The Incredible Hulk,2008,https://m.media-amazon.com/images/M/MV5BMTUyNzk3MjA1OF5BMl5BanBnXkFtZTcwMTE1Njg2MQ@@._V1_SX300.jpg
Terminator 2: Judgment Day,1991,https://m.media-amazon.com/images/M/MV5BMGU2NzRmZjUtOGUxYS00ZjdjLWEwZWItY2NlM2JhNjkxNTFmXkEyXkFqcGdeQXVyNjU0OTQ0OTY@._V1_SX300.jpg
Justice League,2017,https://m.media-amazon.com/images/M/MV5BYWVhZjZkYTItOGIwYS00NmRkLWJlYjctMWM0ZjFmMDU4ZjEzXkEyXkFqcGdeQXVyMTMxODk2OTU@._V1_SX300.jpg
Aquaman,2018,https://m.media-amazon.com/images/M/MV5BOTk5ODg0OTU5M15BMl5BanBnXkFtZTgwMDQ3MDY3NjM@._V1_SX300.jpg
Jurassic Park,1993,https://m.media-amazon.com/images/M/MV5BMjM2MDgxMDg0Nl5BMl5BanBnXkFtZTgwNTM2OTM5NDE@._V1_SX300.jpg
Twilight,2008,https://m.media-amazon.com/images/M/MV5BMTQ2NzUxMTAxN15BMl5BanBnXkFtZTcwMzEyMTIwMg@@._V1_SX300.jpg
The Martian,2015,https://m.media-amazon.com/images/M/MV5BMTc2MTQ3MDA1Nl5BMl5BanBnXkFtZTgwODA3OTI4NjE@._V1_SX300.jpg
Fantastic Beasts and Where to Find Them,2016,https://m.media-amazon.com/images/M/MV5BMjMxOTM1OTI4MV5BMl5BanBnXkFtZTgwODE5OTYxMDI@._V1_SX300.jpg
Bee Movie,2007,https://m.media-amazon.com/images/M/MV5BMjE1MDYxOTA4MF5BMl5BanBnXkFtZTcwMDE0MDUzMw@@._V1_SX300.jpg
Passenger 57,1992,https://m.media-amazon.com/images/M/MV5BMjg1MGFmNjItNWRiZi00ZGQ3LWEwYjAtMTFiMjEwMzgyYmU5L2ltYWdlXkEyXkFqcGdeQXVyNjQzNDI3NzY@._V1_SX300.jpg
X-Men: Days of Future Past,2014,https://m.media-amazon.com/images/M/MV5BZGIzNWYzN2YtMjcwYS00YjQ3LWI2NjMtOTNiYTUyYjE2MGNkXkEyXkFqcGdeQXVyMTQxNzMzNDI@._V1_SX300.jpg
